jsa_completed,toolbox_talk_conducted,ppe_compliant,incident_id,severity_level,total_cost_with_fines_usd
0,0,0,42,1.8333333333333333,13937.880952380952
0,0,1,83,2.0481927710843375,24298.12048192771
0,1,0,93,1.8387096774193548,15328.569892473119
0,1,1,271,2.1549815498154983,25473.81549815498
1,0,0,58,1.9827586206896552,14066.775862068966
1,0,1,163,1.9570552147239264,18267.521472392636
1,1,0,121,1.9008264462809918,11904.785123966942
1,1,1,369,2.0704607046070462,22237.753387533874
